millis,stamp,datetime,motion
999, 1564777383, 2019/8/2 20:23:3, Inactive
1999, 1564777384, 2019/8/2 20:23:4, Inactive
2999, 1564777385, 2019/8/2 20:23:5, Active
3999, 1564777386, 2019/8/2 20:23:6, Inactive
4998, 1564777387, 2019/8/2 20:23:7, Inactive
5999, 1564777388, 2019/8/2 20:23:8, Inactive
6999, 1564777389, 2019/8/2 20:23:9, Inactive
7999, 1564777390, 2019/8/2 20:23:10, Inactive
8999, 1564777391, 2019/8/2 20:23:11, Inactive
9999, 1564777392, 2019/8/2 20:23:12, Inactive
10999, 1564777393, 2019/8/2 20:23:13, Active
11999, 1564777394, 2019/8/2 20:23:14, Active
12999, 1564777395, 2019/8/2 20:23:15, Inactive
13999, 1564777396, 2019/8/2 20:23:16, Inactive
14999, 1564777397, 2019/8/2 20:23:17, Inactive
16000, 1564777398, 2019/8/2 20:23:18, Inactive
16999, 1564777399, 2019/8/2 20:23:19, Inactive
17999, 1564777400, 2019/8/2 20:23:20, Inactive
18999, 1564777401, 2019/8/2 20:23:21, Inactive
19999, 1564777402, 2019/8/2 20:23:22, Active
20999, 1564777403, 2019/8/2 20:23:23, Active
21999, 1564777404, 2019/8/2 20:23:24, Inactive
22999, 1564777405, 2019/8/2 20:23:25, Inactive
23999, 1564777406, 2019/8/2 20:23:26, Inactive
24999, 1564777407, 2019/8/2 20:23:27, Inactive
26000, 1564777408, 2019/8/2 20:23:28, Inactive
26999, 1564777409, 2019/8/2 20:23:29, Inactive
27999, 1564777410, 2019/8/2 20:23:30, Inactive
28999, 1564777411, 2019/8/2 20:23:31, Active
30000, 1564777412, 2019/8/2 20:23:32, Inactive
30999, 1564777413, 2019/8/2 20:23:33, Inactive
32000, 1564777414, 2019/8/2 20:23:34, Inactive
32999, 1564777415, 2019/8/2 20:23:35, Inactive
33999, 1564777416, 2019/8/2 20:23:36, Active
34999, 1564777417, 2019/8/2 20:23:37, Active
35999, 1564777418, 2019/8/2 20:23:38, Inactive
36999, 1564777419, 2019/8/2 20:23:39, Inactive
37999, 1564777420, 2019/8/2 20:23:40, Inactive
39000, 1564777421, 2019/8/2 20:23:41, Inactive
39999, 1564777422, 2019/8/2 20:23:42, Inactive
40999, 1564777423, 2019/8/2 20:23:43, Active
41999, 1564777424, 2019/8/2 20:23:44, Inactive
42999, 1564777425, 2019/8/2 20:23:45, Inactive
43999, 1564777426, 2019/8/2 20:23:46, Inactive
44999, 1564777427, 2019/8/2 20:23:47, Inactive
46000, 1564777428, 2019/8/2 20:23:48, Inactive
46999, 1564777429, 2019/8/2 20:23:49, Inactive
48000, 1564777430, 2019/8/2 20:23:50, Inactive
48999, 1564777431, 2019/8/2 20:23:51, Active
49999, 1564777432, 2019/8/2 20:23:52, Inactive
50999, 1564777433, 2019/8/2 20:23:53, Inactive
51999, 1564777434, 2019/8/2 20:23:54, Inactive
52998, 1564777435, 2019/8/2 20:23:55, Inactive
53999, 1564777436, 2019/8/2 20:23:56, Inactive
54999, 1564777437, 2019/8/2 20:23:57, Inactive
55999, 1564777438, 2019/8/2 20:23:58, Inactive
56999, 1564777439, 2019/8/2 20:23:59, Inactive
57999, 1564777440, 2019/8/2 20:24:0, Inactive
58999, 1564777441, 2019/8/2 20:24:1, Inactive
59999, 1564777442, 2019/8/2 20:24:2, Inactive
60999, 1564777443, 2019/8/2 20:24:3, Inactive
61999, 1564777444, 2019/8/2 20:24:4, Active
62999, 1564777445, 2019/8/2 20:24:5, Active
64000, 1564777446, 2019/8/2 20:24:6, Inactive
64999, 1564777447, 2019/8/2 20:24:7, Inactive
65999, 1564777448, 2019/8/2 20:24:8, Inactive
66999, 1564777449, 2019/8/2 20:24:9, Inactive
67999, 1564777450, 2019/8/2 20:24:10, Inactive
68999, 1564777451, 2019/8/2 20:24:11, Inactive
69999, 1564777452, 2019/8/2 20:24:12, Inactive
71000, 1564777453, 2019/8/2 20:24:13, Active
71999, 1564777454, 2019/8/2 20:24:14, Inactive
72999, 1564777455, 2019/8/2 20:24:15, Inactive
73999, 1564777456, 2019/8/2 20:24:16, Inactive
74999, 1564777457, 2019/8/2 20:24:17, Inactive
75998, 1564777458, 2019/8/2 20:24:18, Inactive
76999, 1564777459, 2019/8/2 20:24:19, Active
77999, 1564777460, 2019/8/2 20:24:20, Inactive
78999, 1564777461, 2019/8/2 20:24:21, Inactive
80000, 1564777462, 2019/8/2 20:24:22, Inactive
80999, 1564777463, 2019/8/2 20:24:23, Inactive
81999, 1564777464, 2019/8/2 20:24:24, Inactive
82999, 1564777465, 2019/8/2 20:24:25, Active
83999, 1564777466, 2019/8/2 20:24:26, Inactive
84999, 1564777467, 2019/8/2 20:24:27, Inactive
85999, 1564777468, 2019/8/2 20:24:28, Inactive
86999, 1564777469, 2019/8/2 20:24:29, Inactive
87999, 1564777470, 2019/8/2 20:24:30, Inactive
88999, 1564777471, 2019/8/2 20:24:31, Inactive
89999, 1564777472, 2019/8/2 20:24:32, Inactive
90999, 1564777473, 2019/8/2 20:24:33, Active
91999, 1564777474, 2019/8/2 20:24:34, Active
92999, 1564777475, 2019/8/2 20:24:35, Inactive
93999, 1564777476, 2019/8/2 20:24:36, Inactive
94999, 1564777477, 2019/8/2 20:24:37, Inactive
96000, 1564777478, 2019/8/2 20:24:38, Inactive
96999, 1564777479, 2019/8/2 20:24:39, Inactive
97999, 1564777480, 2019/8/2 20:24:40, Inactive
98999, 1564777481, 2019/8/2 20:24:41, Active
99998, 1564777482, 2019/8/2 20:24:42, Inactive
100999, 1564777483, 2019/8/2 20:24:43, Inactive
101999, 1564777484, 2019/8/2 20:24:44, Inactive
102999, 1564777485, 2019/8/2 20:24:45, Inactive
103999, 1564777486, 2019/8/2 20:24:46, Active
104999, 1564777487, 2019/8/2 20:24:47, Active
105999, 1564777488, 2019/8/2 20:24:48, Inactive
106999, 1564777489, 2019/8/2 20:24:49, Inactive
107998, 1564777490, 2019/8/2 20:24:50, Inactive
108999, 1564777491, 2019/8/2 20:24:51, Inactive
110000, 1564777492, 2019/8/2 20:24:52, Inactive
110999, 1564777493, 2019/8/2 20:24:53, Inactive
112000, 1564777494, 2019/8/2 20:24:54, Inactive
112999, 1564777495, 2019/8/2 20:24:55, Inactive
113999, 1564777496, 2019/8/2 20:24:56, Inactive
114999, 1564777497, 2019/8/2 20:24:57, Inactive
115999, 1564777498, 2019/8/2 20:24:58, Inactive
116999, 1564777499, 2019/8/2 20:24:59, Active
117999, 1564777500, 2019/8/2 20:25:0, Inactive
119000, 1564777501, 2019/8/2 20:25:1, Inactive
119999, 1564777502, 2019/8/2 20:25:2, Inactive
120999, 1564777503, 2019/8/2 20:25:3, Inactive
121999, 1564777504, 2019/8/2 20:25:4, Inactive
122999, 1564777505, 2019/8/2 20:25:5, Inactive
123999, 1564777506, 2019/8/2 20:25:6, Inactive
124999, 1564777507, 2019/8/2 20:25:7, Inactive
125999, 1564777508, 2019/8/2 20:25:8, Active
126999, 1564777509, 2019/8/2 20:25:9, Inactive
128000, 1564777510, 2019/8/2 20:25:10, Inactive
128999, 1564777511, 2019/8/2 20:25:11, Inactive
129999, 1564777512, 2019/8/2 20:25:12, Inactive
130999, 1564777513, 2019/8/2 20:25:13, Inactive
131999, 1564777514, 2019/8/2 20:25:14, Inactive
132999, 1564777515, 2019/8/2 20:25:15, Inactive
133999, 1564777516, 2019/8/2 20:25:16, Inactive
134999, 1564777517, 2019/8/2 20:25:17, Inactive
135999, 1564777518, 2019/8/2 20:25:18, Inactive
136999, 1564777519, 2019/8/2 20:25:19, Inactive
137999, 1564777520, 2019/8/2 20:25:20, Inactive
138999, 1564777521, 2019/8/2 20:25:21, Inactive
139999, 1564777522, 2019/8/2 20:25:22, Inactive
140999, 1564777523, 2019/8/2 20:25:23, Active
142000, 1564777524, 2019/8/2 20:25:24, Active
142999, 1564777525, 2019/8/2 20:25:25, Inactive
144000, 1564777526, 2019/8/2 20:25:26, Inactive
144999, 1564777527, 2019/8/2 20:25:27, Inactive
145999, 1564777528, 2019/8/2 20:25:28, Inactive
146999, 1564777529, 2019/8/2 20:25:29, Inactive
147999, 1564777530, 2019/8/2 20:25:30, Inactive
149000, 1564777531, 2019/8/2 20:25:31, Inactive
149998, 1564777532, 2019/8/2 20:25:32, Inactive
150999, 1564777533, 2019/8/2 20:25:33, Active
151999, 1564777534, 2019/8/2 20:25:34, Active
152999, 1564777535, 2019/8/2 20:25:35, Inactive
153999, 1564777536, 2019/8/2 20:25:36, Inactive
154999, 1564777537, 2019/8/2 20:25:37, Inactive
155999, 1564777538, 2019/8/2 20:25:38, Inactive
156999, 1564777539, 2019/8/2 20:25:39, Inactive
158000, 1564777540, 2019/8/2 20:25:40, Inactive
158999, 1564777541, 2019/8/2 20:25:41, Inactive
160000, 1564777542, 2019/8/2 20:25:42, Inactive
160999, 1564777543, 2019/8/2 20:25:43, Inactive
161998, 1564777544, 2019/8/2 20:25:44, Inactive
162999, 1564777545, 2019/8/2 20:25:45, Inactive
163999, 1564777546, 2019/8/2 20:25:46, Inactive
164999, 1564777547, 2019/8/2 20:25:47, Inactive
165999, 1564777548, 2019/8/2 20:25:48, Inactive
167000, 1564777549, 2019/8/2 20:25:49, Inactive
167999, 1564777550, 2019/8/2 20:25:50, Inactive
168999, 1564777551, 2019/8/2 20:25:51, Inactive
169999, 1564777552, 2019/8/2 20:25:52, Inactive
170999, 1564777553, 2019/8/2 20:25:53, Active
171999, 1564777554, 2019/8/2 20:25:54, Active
172999, 1564777555, 2019/8/2 20:25:55, Inactive
173999, 1564777556, 2019/8/2 20:25:56, Inactive
174999, 1564777557, 2019/8/2 20:25:57, Inactive
176000, 1564777558, 2019/8/2 20:25:58, Inactive
176999, 1564777559, 2019/8/2 20:25:59, Inactive
177999, 1564777560, 2019/8/2 20:26:0, Inactive
178999, 1564777561, 2019/8/2 20:26:1, Inactive
179999, 1564777562, 2019/8/2 20:26:2, Inactive
180999, 1564777563, 2019/8/2 20:26:3, Active
181999, 1564777564, 2019/8/2 20:26:4, Active
182999, 1564777565, 2019/8/2 20:26:5, Inactive
183999, 1564777566, 2019/8/2 20:26:6, Inactive
184999, 1564777567, 2019/8/2 20:26:7, Inactive
